
INSERT INTO patients (Prefix, FirstName, LastName, DateOfBirth, Insurance, Gender, MaritalStatus, Race, Address, City, EmailAddress, PhoneNumber)
VALUES
('Mr', 'John', 'Smith', '1984-06-15', 'NHS', 'M', 'Single', 'White', '1 High St', 'Manchester', 'john.smith@example.com', '07012345678'),
('Ms', 'Emily', 'Jones', '1989-08-04', 'Private', 'F', 'Married', 'White', '23 Queen St', 'Salford', 'emily.jones@example.com', '07012345679'),
('Mrs', 'Linda', 'Brown', '1992-02-21', 'NHS', 'F', 'Divorced', 'Black', '45 Market Rd', 'Manchester', 'linda.brown@example.com', '07412345680'),
('Mr', 'David', 'Williams', '1996-07-26', 'NHS', 'M', 'Married', 'Asian', '67 Baker St', 'Oldham', 'david.williams@example.com', '07012345681'),
('Ms', 'Sara', 'Davis', '1986-06-09', 'Private', 'F', 'Single', 'Mixed', '89 Church St', 'Bolton', 'sara.davis@example.com', '07012345682'),
('Mr', 'Chris', 'Wilson', '1972-02-13', 'NHS', 'M', 'Married', 'White', '12 Park Ave', 'Salford', 'chris.wilson@example.com', '07012345683'),
('Ms', 'Jessica', 'Taylor', '1976-06-06', 'Private', 'F', 'Divorced', 'White', '34 Green Lane', 'Manchester', 'jessica.taylor@example.com', '07012345684'),
('Mr', 'Tom', 'Anderson', '1961-05-15', 'NHS', 'M', 'Single', 'Black', '56 Elm St', 'Manchester', 'tom.anderson@example.com', '07012345685'),
('Mr', 'Michael', 'Robinson', '1978-09-12', 'NHS', 'M', 'Married', 'White', '3 Brookfield Rd', 'Manchester', 'michael.robinson@example.com', '07012345686'),
('Mrs', 'Laura', 'Moore', '1983-03-25', 'Private', 'F', 'Married', 'Asian', '17 Pine St', 'Salford', 'laura.moore@example.com', '07012345687'),
('Mr', 'James', 'Harris', '1965-11-30', 'NHS', 'M', 'Divorced', 'White', '102 Kingsway', 'Bolton', 'james.harris@example.com', '07012345680'),
('Ms', 'Anna', 'Lewis', '1990-01-18', 'Private', 'F', 'Single', 'Black', '22 Cedar Ave', 'Oldham', 'anna.lewis@example.com', '07412345689'),
('Mrs', 'Nancy', 'Clarke', '1968-04-15', 'NHS', 'F', 'Widowed', 'White', '15 Oak St', 'Manchester', 'nancy.clarke@example.com', '07412345690'),
('Mr', 'Robert', 'Walker', '1971-02-05', 'Private', 'M', 'Married', 'Asian', '9 Birch Rd', 'Rochdale', 'robert.walker@example.com', '07412345691'),
('Ms', 'Karen', 'Young', '1995-06-22', 'NHS', 'F', 'Single', 'White', '48 Ash Ln', 'Bury', 'karen.young@example.com', '07412345692'),
('Mr', 'Andrew', 'King', '1987-12-10', 'NHS', 'M', 'Divorced', 'Mixed', '76 Lime Grove', 'Stockport', 'andrew.king@example.com', '07412345693'),
('Mr', 'Daniel', 'Wright', '1999-08-19', 'Private', 'M', 'Single', 'White', '33 Walnut St', 'Manchester', 'daniel.wright@example.com', '07412345694'),
('Ms', 'Susan', 'Bennett', '1980-05-07', 'NHS', 'F', 'Married', 'White', '5 Willow Way', 'Salford', 'susan.bennett@example.com', '07412345695'),
('Mr', 'Richard', 'Hall', '1975-10-23', 'Private', 'M', 'Single', 'Asian', '27 Beechwood Dr', 'Bolton', 'richard.hall@example.com', '07412345696'),
('Ms', 'Patricia', 'Scott', '1982-12-02', 'NHS', 'F', 'Married', 'White', '88 Maple Rd', 'Oldham', 'patricia.scott@example.com', '07412345697'),
('Mrs', 'Barbara', 'Hill', '1977-07-14', 'Private', 'F', 'Divorced', 'Black', '19 Fir Ln', 'Rochdale', 'barbara.hill@example.com', '07412345698'),
('Mr', 'Steven', 'Green', '1964-03-30', 'NHS', 'M', 'Widowed', 'White', '60 Sycamore St', 'Bury', 'steven.green@example.com', '07412345699'),
('Ms', 'Elizabeth', 'Adams', '1994-11-15', 'NHS', 'F', 'Single', 'Mixed', '43 Cherry Rd', 'Stockport', 'elizabeth.adams@example.com', '07412345700'),
('Mr', 'Paul', 'Baker', '1973-06-27', 'Private', 'M', 'Married', 'Asian', '8 Spruce Ln', 'Manchester', 'paul.baker@example.com', '07412345701'),
('Ms', 'Sharon', 'Nelson', '1997-02-09', 'NHS', 'F', 'Single', 'White', '29 Willowfield Rd', 'Salford', 'sharon.nelson@example.com', '07412345702'),
('Mr', 'Kenneth', 'Mitchell', '1958-10-05', 'NHS', 'M', 'Divorced', 'White', '70 Oakdale Ave', 'Bolton', 'kenneth.mitchell@example.com', '07412345703'),
('Mrs', 'Mary', 'Carter', '1970-01-22', 'Private', 'F', 'Married', 'White', '32 Yew Tree Ln', 'Oldham', 'mary.carter@example.com', '07412345704'),
('Mr', 'Charles', 'Phillips', '1967-05-12', 'NHS', 'M', 'Widowed', 'Asian', '45 Elmwood Rd', 'Rochdale', 'charles.phillips@example.com', '07412345705'),
('Ms', 'Deborah', 'Evans', '1988-09-06', 'NHS', 'F', 'Single', 'Black', '18 Poplar St', 'Bury', 'deborah.evans@example.com', '07412345706'),
('Mr', 'Donald', 'Campbell', '1993-07-21', 'Private', 'M', 'Single', 'Mixed', '54 Alder St', 'Stockport', 'donald.campbell@example.com', '07412345707'),
('Ms', 'Jennifer', 'Parker', '1981-03-19', 'NHS', 'F', 'Married', 'White', '11 Juniper Ave', 'Manchester', 'jennifer.parker@example.com', '07412345708'),
('Mr', 'Mark', 'Morris', '1979-11-02', 'Private', 'M', 'Divorced', 'White', '26 Acacia Rd', 'Salford', 'mark.morris@example.com', '07412345709'),
('Mrs', 'Helen', 'Collins', '1959-12-28', 'NHS', 'F', 'Widowed', 'White', '31 Hawthorn Dr', 'Bolton', 'helen.collins@example.com', '07412345710'),
('Mr', 'George', 'Stewart', '1962-08-14', 'Private', 'M', 'Single', 'Black', '55 Magnolia Rd', 'Oldham', 'george.stewart@example.com', '07412345711'),
('Ms', 'Dorothy', 'Reed', '1991-04-03', 'NHS', 'F', 'Single', 'White', '42 Holly Ln', 'Rochdale', 'dorothy.reed@example.com', '07412345712'),
('Mr', 'Jason', 'Cook', '1985-11-27', 'Private', 'M', 'Married', 'White', '90 Ivy Rd', 'Bury', 'jason.cook@example.com', '07412345713'),
('Ms', 'Cynthia', 'Powell', '1998-06-15', 'NHS', 'F', 'Single', 'White', '23 Cypress St', 'Stockport', 'cynthia.powell@example.com', '07012345714'),
('Mr', 'Anthony', 'Bell', '1974-02-07', 'Private', 'M', 'Divorced', 'Asian', '13 Rosewood Dr', 'Manchester', 'anthony.bell@example.com', '07012345715'),
('Mrs', 'Margaret', 'Kelly', '1957-01-29', 'NHS', 'F', 'Widowed', 'White', '64 Cedarwood Rd', 'Salford', 'margaret.kelly@example.com', '07012345716'),
('Mr', 'Gary', 'Murphy', '1986-10-19', 'NHS', 'M', 'Married', 'Mixed', '71 Redwood St', 'Bolton', 'gary.murphy@example.com', '07012345717'),
('Ms', 'Betty', 'Bailey', '1992-02-04', 'Private', 'F', 'Single', 'White', '6 Laurel Rd', 'Oldham', 'betty.bailey@example.com', '07012345718'),
('Mr', 'Brian', 'Rivera', '1960-07-08', 'NHS', 'M', 'Widowed', 'White', '82 Palm St', 'Rochdale', 'brian.rivera@example.com', '07012345719'),
('Mrs', 'Sandra', 'Ramirez', '1976-12-14', 'Private', 'F', 'Married', 'Asian', '95 Alderwood Ave', 'Bury', 'sandra.ramirez@example.com', '07012345720'),
('Mr', 'Joshua', 'Richardson', '1996-05-17', 'NHS', 'M', 'Single', 'White', '36 Willow St', 'Stockport', 'joshua.richardson@example.com', '07012345721'),
('Ms', 'Lisa', 'Watson', '1972-08-30', 'Private', 'F', 'Married', 'Black', '44 Poplar Ln', 'Manchester', 'lisa.watson@example.com', '07012345722'),
('Mr', 'Eric', 'Brooks', '1984-01-06', 'NHS', 'M', 'Divorced', 'Mixed', '27 Pinewood Ave', 'Salford', 'eric.brooks@example.com', '07012345723'),
('Ms', 'Rebecca', 'Sanders', '1963-03-22', 'NHS', 'F', 'Widowed', 'White', '38 Elmwood Ln', 'Bolton', 'rebecca.sanders@example.com', '07012345724'),
('Mr', 'Joseph', 'Wright', '1990-09-10', 'Private', 'M', 'Single', 'White', '50 Beech Ln', 'Oldham', 'joseph.wright@example.com', '07012345725'),
('Ms', 'Carol', 'Lee', '1961-11-18', 'NHS', 'F', 'Widowed', 'White', '63 Cypress Grove', 'Rochdale', 'carol.lee@example.com', '07012345726'),
('Mr', 'Frank', 'Long', '1969-05-29', 'Private', 'M', 'Divorced', 'Asian', '91 Ashfield Rd', 'Bury', 'frank.long@example.com', '07012345727'),
('Ms', 'Donna', 'Edwards', '1993-08-24', 'NHS', 'F', 'Single', 'Black', '77 Elm St', 'Stockport', 'donna.edwards@example.com', '07012345728'),
('Mr', 'Ronald', 'White', '1955-02-14', 'NHS', 'M', 'Widowed', 'White', '52 Cedarwood Dr', 'Manchester', 'ronald.white@example.com', '07012345729'),
('Ms', 'Michelle', 'Hughes', '1989-06-08', 'Private', 'F', 'Single', 'Mixed', '35 Birchfield Rd', 'Salford', 'michelle.hughes@example.com', '07012345730'),
('Mr', 'Larry', 'Ross', '1970-10-16', 'NHS', 'M', 'Married', 'White', '21 Sycamore Grove', 'Bolton', 'larry.ross@example.com', '07012345731'),
('Ms', 'Debra', 'Murray', '1966-03-09', 'Private', 'F', 'Divorced', 'White', '14 Oakwood Ave', 'Oldham', 'debra.murray@example.com', '07012345732'),
('Mr', 'Walter', 'Foster', '1959-07-28', 'NHS', 'M', 'Widowed', 'White', '84 Pinewood St', 'Rochdale', 'walter.foster@example.com', '07012345733'),
('Ms', 'Brenda', 'Howard', '1985-11-04', 'Private', 'F', 'Single', 'White', '7 Beechfield Ln', 'Bury', 'brenda.howard@example.com', '07012345734'),
('Mr', 'Jerry', 'Ward', '1974-12-17', 'NHS', 'M', 'Married', 'White', '69 Cedarwood Grove', 'Stockport', 'jerry.ward@example.com', '07012345735'),
('Ms', 'Ruth', 'Henderson', '1967-01-13', 'Private', 'F', 'Divorced', 'Asian', '41 Oakdale St', 'Manchester', 'ruth.henderson@example.com', '07012345736'),
('Mr', 'Billy', 'Bennett', '1991-06-06', 'NHS', 'M', 'Single', 'White', '28 Maplewood Rd', 'Salford', 'billy.bennett@example.com', '07012345737'),
('Ms', 'Maria', 'Barnes', '1998-08-25', 'Private', 'F', 'Single', 'White', '20 Oakfield Rd', 'Bolton', 'maria.barnes@example.com', '07012345738'),
('Mr', 'Carl', 'Ross', '1983-05-11', 'NHS', 'M', 'Married', 'White', '13 Beechfield St', 'Oldham', 'carl.ross@example.com', '07012345739'),
('Ms', 'Cheryl', 'Fisher', '1962-04-17', 'NHS', 'F', 'Widowed', 'White', '92 Maplewood Grove', 'Rochdale', 'cheryl.fisher@example.com', '07012345740'),
('Mr', 'Henry', 'Ellis', '1994-02-26', 'Private', 'M', 'Single', 'Mixed', '75 Pinewood Ln', 'Bury', 'henry.ellis@example.com', '07012345741'),
('Ms', 'Joyce', 'Gonzalez', '1980-10-21', 'NHS', 'F', 'Married', 'White', '24 Oakdale Grove', 'Stockport', 'joyce.gonzalez@example.com', '07012345742'),
('Mr', 'Eugene', 'Oliver', '1975-03-13', 'Private', 'M', 'Single', 'White', '40 Cedarwood St', 'Manchester', 'eugene.oliver@example.com', '07012345743'),
('Ms', 'Catherine', 'Myers', '1987-08-02', 'NHS', 'F', 'Married', 'White', '51 Ashfield Grove', 'Salford', 'catherine.myers@example.com', '07012345744'),
('Mr', 'Bruce', 'Garcia', '1956-12-30', 'Private', 'M', 'Widowed', 'White', '74 Oakfield Grove', 'Bolton', 'bruce.garcia@example.com', '07012345745'),
('Ms', 'Janet', 'Harris', '1982-05-24', 'NHS', 'F', 'Single', 'White', '9 Beechwood Dr', 'Oldham', 'janet.harris@example.com', '07012345746'),
('Mr', 'Gregory', 'Nelson', '1990-07-05', 'Private', 'M', 'Single', 'White', '30 Maple Grove', 'Rochdale', 'gregory.nelson@example.com', '07012345747'),
('Ms', 'Alice', 'Moore', '1977-11-29', 'NHS', 'F', 'Divorced', 'Asian', '46 Oakwood St', 'Bury', 'alice.moore@example.com', '07012345748'),
('Mr', 'Ralph', 'Perry', '1969-02-11', 'Private', 'M', 'Single', 'White', '87 Ashwood Rd', 'Stockport', 'ralph.perry@example.com', '07012345749'),
('Ms', 'Gloria', 'Long', '1984-12-15', 'NHS', 'F', 'Married', 'White', '37 Cedar Ln', 'Manchester', 'gloria.long@example.com', '07012345750'),
('Mr', 'Mark', 'Hughes', '1980-11-10', 'NHS', 'M', 'Married', 'White', '78 Birch St', 'Manchester', 'mark.hughes@example.com', '07012345688'),
('Ms', 'Anna', 'Green', '1995-05-05', 'Private', 'F', 'Single', 'Mixed', '12 Victoria Rd', 'Salford', 'anna.green@example.com', '07012345689'),
('Mrs', 'Diane', 'Hall', '1963-07-18', 'NHS', 'F', 'Widowed', 'Black', '54 Maple Ave', 'Oldham', 'diane.hall@example.com', '07012345690'),
('Mr', 'Peter', 'Thompson', '1975-03-14', 'NHS', 'M', 'Divorced', 'White', '20 Oak Rd', 'Bolton', 'peter.thompson@example.com', '07012345691'),
('Ms', 'Katie', 'Young', '1988-08-23', 'Private', 'F', 'Married', 'White', '89 Church St', 'Manchester', 'katie.young@example.com', '07012345692'),
('Mr', 'James', 'King', '1967-11-03', 'NHS', 'M', 'Married', 'Asian', '23 Cedar Ln', 'Salford', 'james.king@example.com', '07012345693'),
('Ms', 'Megan', 'Scott', '1993-12-01', 'NHS', 'F', 'Single', 'White', '34 Ashfield Ave', 'Rochdale', 'megan.scott@example.com', '07012345694'),
('Mr', 'Robert', 'Evans', '1971-06-27', 'Private', 'M', 'Married', 'White', '67 Willow St', 'Stockport', 'robert.evans@example.com', '07012345695'),
('Mrs', 'Nancy', 'Turner', '1959-09-09', 'NHS', 'F', 'Divorced', 'White', '15 Elmwood Rd', 'Bury', 'nancy.turner@example.com', '07012345696'),
('Mr', 'David', 'Martin', '1962-01-15', 'Private', 'M', 'Widowed', 'White', '50 Park St', 'Oldham', 'david.martin@example.com', '07012345697'),
('Ms', 'Chloe', 'Phillips', '1997-02-17', 'NHS', 'F', 'Single', 'Mixed', '75 Beech St', 'Bolton', 'chloe.phillips@example.com', '07012345698'),
('Mr', 'Richard', 'Taylor', '1981-10-20', 'Private', 'M', 'Married', 'White', '29 Pine St', 'Salford', 'richard.taylor@example.com', '07012345699'),
('Ms', 'Patricia', 'Walker', '1958-12-11', 'NHS', 'F', 'Widowed', 'Black', '90 Church Ln', 'Rochdale', 'patricia.walker@example.com', '07012345700'),
('Mr', 'Kevin', 'White', '1974-04-04', 'NHS', 'M', 'Divorced', 'Asian', '38 High St', 'Stockport', 'kevin.white@example.com', '07012345701'),
('Ms', 'Emma', 'Wright', '1990-09-15', 'Private', 'F', 'Single', 'White', '67 Maple Rd', 'Bury', 'emma.wright@example.com', '07012345702'),
('Mr', 'Samuel', 'Harris', '1983-03-29', 'NHS', 'M', 'Married', 'Mixed', '5 Cedar St', 'Manchester', 'samuel.harris@example.com', '07012345703'),
('Ms', 'Laura', 'Clarke', '1994-06-02', 'Private', 'F', 'Single', 'White', '21 Queen St', 'Salford', 'laura.clarke@example.com', '07012345704'),
('Mr', 'Anthony', 'Roberts', '1965-07-19', 'NHS', 'M', 'Married', 'White', '44 King St', 'Oldham', 'anthony.roberts@example.com', '07012345705'),
('Mrs', 'Alice', 'Robinson', '1977-08-26', 'Private', 'F', 'Divorced', 'White', '3 Elm St', 'Bolton', 'alice.robinson@example.com', '07012345706'),
('Mr', 'Brian', 'Lewis', '1985-02-08', 'NHS', 'M', 'Single', 'White', '16 Market Rd', 'Rochdale', 'brian.lewis@example.com', '07012345707'),
('Ms', 'Jessica', 'Cook', '1999-11-12', 'Private', 'F', 'Single', 'Mixed', '12 Park Ln', 'Stockport', 'jessica.cook@example.com', '07012345708'),
('Mr', 'Charles', 'Campbell', '1968-05-30', 'NHS', 'M', 'Widowed', 'White', '27 Baker St', 'Manchester', 'charles.campbell@example.com', '07012345709');
SELECT * FROM patients;

INSERT INTO departments (DepartmentName)
VALUES
('Cardiology'),
('Gastroenterology'),
('Oncology'),
('Pediatrics'),
('Orthopedics'),
('Neurology'),
('Dermatology'),
('Radiology'),
('General Practice'),
('Endocrinology');SELECT * FROM departmentsINSERT INTO medical_records (PatientId, DepartmentId, DiagnosisHistory, SpecialityVisited, StartDate, EndDate, AdmissionType, Prescription, Allergies, Cost)
VALUES
(1, 100, 'Hypertension', 'Cardiology', '2022-01-15', '2022-01-20', 'Regular', 'Lisinopril', 'None', 150.00), 
(2, 102, 'Breast Cancer', 'Oncology', '2022-02-10', '2022-03-10', 'Inpatient', 'Tamoxifen', 'None', 3000.00), 
(3, 101, 'Gastritis', 'Gastroenterology', '2022-03-05', '2022-03-15', 'Outpatient', 'Omeprazole', 'None', 250.00), 
(4, 103, 'Common Cold', 'General Practice', '2022-04-01', '2022-04-03', 'Regular', 'Paracetamol', 'None', 50.00), 
(5, 102, 'Lung Cancer', 'Oncology', '2022-05-15', '2022-06-10', 'Inpatient', 'Chemotherapy', 'Peanuts', 15000.00), 
(6, 100, 'Heart Failure', 'Cardiology', '2022-06-20', '2022-07-01', 'Emergency', 'Digoxin', 'None', 2000.00), 
(7, 101, 'Ulcer', 'Gastroenterology', '2022-07-15', '2022-07-20', 'Daycase', 'Antacids', 'None', 500.00), 
(8, 104, 'Fracture', 'Orthopedics', '2022-08-01', '2022-08-10', 'Emergency', 'Painkillers', 'None', 1000.00), 
(9, 105, 'Migraine', 'Neurology', '2022-09-01', '2022-09-05', 'Regular', 'Triptans', 'None', 200.00), 
(10, 101, 'Colon Cancer', 'Gastroenterology', '2022-10-10', '2022-11-10', 'Inpatient', 'Chemotherapy', 'None', 18000.00), 
(11, 100, 'Anxiety Disorder', 'Psychiatry', '2022-01-05', '2022-01-10', 'Regular', 'Sertraline', 'None', 300.00), 
(12, 102, 'Type 2 Diabetes', 'Endocrinology', '2022-02-01', '2022-02-07', 'Outpatient', 'Metformin', 'None', 400.00), 
(13, 104, 'Chronic Back Pain', 'Orthopedics', '2022-03-10', '2022-03-20', 'Regular', 'Ibuprofen', 'None', 150.00), 
(14, 103, 'Seasonal Allergies', 'Pediatrics', '2022-04-15', '2022-04-20', 'Regular', 'Antihistamines', 'Pollen', 75.00), 
(15, 109, 'Osteoporosis', 'Endocrinology', '2022-05-05', '2022-05-12', 'Inpatient', 'Alendronate', 'None', 800.00), 
(16, 100, 'Asthma', 'Cardiology', '2022-06-12', '2022-06-20', 'Emergency', 'Albuterol', 'None', 500.00), 
(17, 105, 'Rheumatoid Arthritis', 'Neurology', '2022-07-10', '2022-07-15', 'Daycase', 'Methotrexate', 'None', 700.00), 
(18, 108, 'Hernia', 'General Practice', '2022-08-10', '2022-08-18', 'Emergency', 'Surgery', 'None', 2000.00), 
(19, 105, 'Epilepsy', 'Neurology', '2022-09-15', '2022-09-22', 'Regular', 'Carbamazepine', 'None', 600.00), 
(20, 108, 'Chronic Sinusitis', 'General Practice', '2022-10-05', '2022-10-10', 'Regular', 'Nasal Steroids', 'None', 200.00),
(21, 100, 'Coronary Artery Disease', 'Cardiology', '2023-01-10', '2023-01-20', 'Inpatient', 'Aspirin', 'None', 1200.00), 
(22, 101, 'Irritable Bowel Syndrome', 'Gastroenterology', '2023-01-25', '2023-02-02', 'Outpatient', 'Dicyclomine', 'None', 350.00), 
(23, 102, 'Leukemia', 'Oncology', '2023-02-05', '2023-02-28', 'Inpatient', 'Chemotherapy', 'None', 18000.00), 
(24, 103, 'Acute Bronchitis', 'Pediatrics', '2023-03-01', '2023-03-07', 'Regular', 'Antibiotics', 'None', 250.00), 
(25, 104, 'Dislocated Shoulder', 'Orthopedics', '2023-03-15', '2023-03-25', 'Emergency', 'Painkillers', 'None', 750.00), 
(26, 105, 'Parkinsons Disease', 'Neurology', '2023-04-01', '2023-04-10', 'Inpatient', 'Levodopa', 'None', 2200.00), 
(27, 106, 'Psoriasis', 'Dermatology', '2023-04-12', '2023-04-18', 'Outpatient', 'Topical Steroids', 'None', 300.00), 
(28, 107, 'Chest X-ray', 'Radiology', '2023-05-05', '2023-05-05', 'Daycase', 'N/A', 'None', 150.00), 
(29, 108, 'Hypertension', 'General Practice', '2023-05-20', '2023-05-25', 'Regular', 'Atenolol', 'None', 100.00), 
(30, 109, 'Hyperthyroidism', 'Endocrinology', '2023-06-01', '2023-06-08', 'Outpatient', 'Methimazole', 'None', 400.00), 
(31, 100, 'Arrhythmia', 'Cardiology', '2023-06-12', '2023-06-19', 'Inpatient', 'Amiodarone', 'None', 2500.00), 
(32, 101, 'Crohns Disease', 'Gastroenterology', '2023-07-05', '2023-07-15', 'Inpatient', 'Infliximab', 'None', 3500.00), 
(33, 102, 'Melanoma', 'Oncology', '2023-07-20', '2023-08-05', 'Inpatient', 'Immunotherapy', 'None', 20000.00), 
(34, 103, 'Chickenpox', 'Pediatrics', '2023-08-12', '2023-08-17', 'Regular', 'Antiviral', 'None', 200.00), 
(35, 104, 'Torn ACL', 'Orthopedics', '2023-08-25', '2023-09-05', 'Daycase', 'Physical Therapy', 'None', 3000.00), 
(36, 105, 'Stroke', 'Neurology', '2023-09-10', '2023-09-25', 'Inpatient', 'Clot Buster', 'None', 15000.00), 
(37, 106, 'Eczema', 'Dermatology', '2023-10-01', '2023-10-10', 'Outpatient', 'Moisturizers', 'None', 200.00), 
(38, 107, 'MRI Scan', 'Radiology', '2023-10-15', '2023-10-15', 'Daycase', 'N/A', 'None', 800.00), 
(39, 108, 'Flu', 'General Practice', '2023-10-20', '2023-10-23', 'Regular', 'Antivirals', 'None', 100.00), 
(40, 109, 'Osteopenia', 'Endocrinology', '2023-11-01', '2023-11-08', 'Outpatient', 'Calcium Supplements', 'None', 300.00), 
(41, 100, 'Hypertrophic Cardiomyopathy', 'Cardiology', '2023-11-15', '2023-11-25', 'Inpatient', 'Beta Blockers', 'None', 3500.00), 
(42, 101, 'Celiac Disease', 'Gastroenterology', '2023-11-30', '2023-12-07', 'Outpatient', 'Gluten-Free Diet', 'None', 500.00), 
(43, 102, 'Non-Hodgkin Lymphoma', 'Oncology', '2023-12-10', '2023-12-28', 'Inpatient', 'Chemotherapy', 'None', 22000.00), 
(44, 103, 'RSV Infection', 'Pediatrics', '2023-12-15', '2023-12-20', 'Regular', 'Bronchodilators', 'None', 300.00), 
(45, 104, 'Scoliosis', 'Orthopedics', '2024-01-05', '2024-01-20', 'Inpatient', 'Spinal Fusion Surgery', 'None', 18000.00), 
(46, 105, 'Multiple Sclerosis', 'Neurology', '2024-01-22', '2024-02-02', 'Inpatient', 'Interferon', 'None', 5000.00), 
(47, 106, 'Acne', 'Dermatology', '2024-02-10', '2024-02-18', 'Outpatient', 'Retinoids', 'None', 150.00), 
(48, 107, 'CT Scan', 'Radiology', '2024-02-25', '2024-02-25', 'Daycase', 'N/A', 'None', 600.00), 
(49, 108, 'Tonsillitis', 'General Practice', '2024-03-01', '2024-03-05', 'Regular', 'Antibiotics', 'None', 100.00), 
(50, 109, 'Pituitary Tumor', 'Endocrinology', '2024-03-10', '2024-03-22', 'Inpatient', 'Surgery', 'None', 25000.00), 
(51, 100, 'Congestive Heart Failure', 'Cardiology', '2024-03-25', '2024-04-05', 'Inpatient', 'ACE Inhibitors', 'None', 7000.00), 
(52, 101, 'Pancreatitis', 'Gastroenterology', '2024-04-10', '2024-04-20', 'Inpatient', 'Fluids and Pain Relief', 'None', 4000.00), 
(53, 102, 'Brain Tumor', 'Oncology', '2024-04-25', '2024-05-15', 'Inpatient', 'Surgery', 'None', 50000.00), 
(54, 103, 'Strep Throat', 'Pediatrics', '2024-05-18', '2024-05-22', 'Regular', 'Antibiotics', 'None', 150.00), 
(55, 104, 'Osteoarthritis', 'Orthopedics', '2024-05-25', '2024-06-05', 'Outpatient', 'NSAIDs', 'None', 400.00), 
(56, 105, 'Alzheimers Disease', 'Neurology', '2024-06-10', '2024-06-20', 'Inpatient', 'Cholinesterase Inhibitors', 'None', 6000.00), 
(57, 106, 'Rosacea', 'Dermatology', '2024-06-22', '2024-06-30', 'Outpatient', 'Topical Creams', 'None', 200.00), 
(58, 107, 'Mammogram', 'Radiology', '2024-07-05', '2024-07-05', 'Daycase', 'N/A', 'None', 200.00), 
(59, 108, 'Diabetes Mellitus', 'General Practice', '2024-07-10', '2024-07-15', 'Outpatient', 'Insulin', 'None', 300.00), 
(60, 109, 'Hypothyroidism', 'Endocrinology', '2024-07-20', '2024-07-30', 'Regular', 'Levothyroxine', 'None', 500.00),
(61, 100, 'Ventricular Fibrillation', 'Cardiology', '2023-01-15', '2023-01-20', 'Inpatient', 'Defibrillator', 'None', 8000.00), 
(62, 101, 'Gastroesophageal Reflux Disease', 'Gastroenterology', '2023-02-10', '2023-02-15', 'Outpatient', 'Proton Pump Inhibitors', 'None', 600.00), 
(63, 102, 'Hodgkin Lymphoma', 'Oncology', '2023-03-01', '2023-03-10', 'Inpatient', 'Chemotherapy', 'None', 22000.00), 
(64, 103, 'Allergic Rhinitis', 'Pediatrics', '2023-04-05', '2023-04-10', 'Regular', 'Antihistamines', 'Pollen', 75.00), 
(65, 104, 'Rotator Cuff Tear', 'Orthopedics', '2023-04-15', '2023-04-22', 'Emergency', 'Physical Therapy', 'None', 1500.00), 
(66, 105, 'Essential Tremor', 'Neurology', '2023-05-25', '2023-06-01', 'Inpatient', 'Propranolol', 'None', 2000.00), 
(67, 106, 'Contact Dermatitis', 'Dermatology', '2023-06-05', '2023-06-12', 'Outpatient', 'Topical Cream', 'None', 300.00), 
(68, 107, 'Ultrasound', 'Radiology', '2023-07-10', '2023-07-10', 'Daycase', 'N/A', 'None', 250.00), 
(69, 108, 'Chronic Fatigue Syndrome', 'General Practice', '2023-07-20', '2023-07-25', 'Regular', 'Vitamin Supplements', 'None', 120.00), 
(70, 109, 'Hyperparathyroidism', 'Endocrinology', '2023-08-01', '2023-08-08', 'Outpatient', 'Surgery', 'None', 10000.00), 
(71, 100, 'Heart Valve Disease', 'Cardiology', '2023-08-15', '2023-08-20', 'Inpatient', 'Anticoagulants', 'None', 5000.00), 
(72, 101, 'Cirrhosis', 'Gastroenterology', '2023-09-01', '2023-09-10', 'Inpatient', 'Supportive Care', 'None', 15000.00), 
(73, 102, 'Bile Duct Cancer', 'Oncology', '2023-09-15', '2023-09-30', 'Inpatient', 'Chemotherapy', 'None', 30000.00), 
(74, 103, 'Nausea and Vomiting', 'Pediatrics', '2023-10-01', '2023-10-05', 'Regular', 'Antiemetics', 'None', 200.00), 
(75, 104, 'Knee Arthritis', 'Orthopedics', '2023-10-10', '2023-10-15', 'Outpatient', 'Corticosteroids', 'None', 800.00), 
(76, 105, 'Neuropathy', 'Neurology', '2023-10-20', '2023-10-25', 'Regular', 'Pain Relief', 'None', 400.00), 
(77, 106, 'Seborrheic Dermatitis', 'Dermatology', '2023-11-05', '2023-11-12', 'Outpatient', 'Antifungal Cream', 'None', 200.00), 
(78, 107, 'X-Ray', 'Radiology', '2023-11-15', '2023-11-15', 'Daycase', 'N/A', 'None', 100.00), 
(79, 108, 'Anemia', 'General Practice', '2023-11-20', '2023-11-25', 'Regular', 'Iron Supplements', 'None', 150.00), 
(80, 109, 'Thyroid Nodules', 'Endocrinology', '2023-12-01', '2023-12-07', 'Outpatient', 'Surgery', 'None', 12000.00), 
(81, 100, 'Aortic Aneurysm', 'Cardiology', '2023-12-10', '2023-12-20', 'Inpatient', 'Surgery', 'None', 25000.00), 
(82, 101, 'Gallbladder Disease', 'Gastroenterology', '2024-01-05', '2024-01-10', 'Emergency', 'Cholecystectomy', 'None', 15000.00), 
(83, 102, 'Colon Polyps', 'Oncology', '2024-01-15', '2024-01-20', 'Inpatient', 'Monitoring', 'None', 3000.00), 
(84, 103, 'Fever', 'Pediatrics', '2024-01-25', '2024-01-30', 'Regular', 'Antipyretics', 'None', 50.00), 
(85, 104, 'Wrist Fracture', 'Orthopedics', '2024-02-05', '2024-02-10', 'Emergency', 'Cast', 'None', 1200.00), 
(86, 105, 'Cerebral Palsy', 'Neurology', '2024-02-15', '2024-02-22', 'Inpatient', 'Therapy', 'None', 6000.00), 
(87, 106, 'Psoriatic Arthritis', 'Dermatology', '2024-02-28', '2024-03-05', 'Outpatient', 'DMARDs', 'None', 250.00), 
(88, 107, 'Bone Scan', 'Radiology', '2024-03-10', '2024-03-10', 'Daycase', 'N/A', 'None', 400.00), 
(89, 108, 'Chronic Sinusitis', 'General Practice', '2024-03-15', '2024-03-20', 'Regular', 'Nasal Steroids', 'None', 200.00), 
(90, 109, 'Acromegaly', 'Endocrinology', '2024-03-25', '2024-04-02', 'Inpatient', 'Surgery', 'None', 18000.00),
(1, 100, 'Congestive Heart Failure', 'Cardiology', '2023-02-20', '2023-03-05', 'Inpatient', 'Diuretics', 'None', 7500.00), 
(2, 101, 'Irritable Bowel Syndrome', 'Gastroenterology', '2023-03-10', '2023-03-15', 'Outpatient', 'Antispasmodics', 'None', 400.00), 
(3, 102, 'Chronic Leukemia', 'Oncology', '2023-03-20', '2023-04-05', 'Inpatient', 'Targeted Therapy', 'None', 25000.00), 
(4, 103, 'Asthma', 'Pediatrics', '2023-04-10', '2023-04-15', 'Regular', 'Inhalers', 'None', 200.00), 
(5, 104, 'Broken Arm', 'Orthopedics', '2023-05-01', '2023-05-10', 'Emergency', 'Surgery', 'None', 3000.00), 
(6, 105, 'Multiple Sclerosis', 'Neurology', '2023-05-15', '2023-05-20', 'Inpatient', 'Steroids', 'None', 4500.00), 
(7, 106, 'Psoriasis', 'Dermatology', '2023-05-25', '2023-06-01', 'Outpatient', 'Topical Cream', 'None', 150.00), 
(8, 107, 'Chest X-Ray', 'Radiology', '2023-06-10', '2023-06-10', 'Daycase', 'N/A', 'None', 200.00), 
(9, 108, 'Hypertension', 'General Practice', '2023-06-15', '2023-06-20', 'Regular', 'Lisinopril', 'None', 100.00), 
(10, 109, 'Hypothyroidism', 'Endocrinology', '2023-06-25', '2023-06-30', 'Outpatient', 'Levothyroxine', 'None', 250.00), 
(11, 100, 'Heart Attack', 'Cardiology', '2023-07-05', '2023-07-15', 'Inpatient', 'Aspirin', 'None', 10000.00), 
(12, 101, 'Acid Reflux', 'Gastroenterology', '2023-07-20', '2023-07-25', 'Outpatient', 'Proton Pump Inhibitors', 'None', 600.00), 
(13, 102, 'Lung Cancer', 'Oncology', '2023-08-01', '2023-08-15', 'Inpatient', 'Chemotherapy', 'None', 30000.00), 
(14, 103, 'Pneumonia', 'Pediatrics', '2023-08-20', '2023-08-27', 'Regular', 'Antibiotics', 'None', 500.00), 
(15, 104, 'Fractured Collarbone', 'Orthopedics', '2023-09-01', '2023-09-10', 'Emergency', 'Surgery', 'None', 2500.00), 
(16, 105, 'Epilepsy', 'Neurology', '2023-09-15', '2023-09-22', 'Inpatient', 'Anticonvulsants', 'None', 4000.00), 
(17, 106, 'Atopic Dermatitis', 'Dermatology', '2023-09-28', '2023-10-05', 'Outpatient', 'Topical Steroids', 'None', 250.00), 
(18, 107, 'Ultrasound', 'Radiology', '2023-10-10', '2023-10-10', 'Daycase', 'N/A', 'None', 250.00), 
(19, 108, 'Type 2 Diabetes', 'General Practice', '2023-10-15', '2023-10-20', 'Regular', 'Metformin', 'None', 300.00), 
(20, 109, 'Hyperthyroidism', 'Endocrinology', '2023-10-25', '2023-11-01', 'Outpatient', 'Methimazole', 'None', 600.00), 
(21, 100, 'Coronary Artery Disease', 'Cardiology', '2023-11-05', '2023-11-15', 'Inpatient', 'Beta Blockers', 'None', 4500.00), 
(22, 101, 'Gastritis', 'Gastroenterology', '2023-11-10', '2023-11-15', 'Outpatient', 'Antacids', 'None', 150.00), 
(23, 102, 'Breast Cancer', 'Oncology', '2023-11-20', '2023-12-01', 'Inpatient', 'Radiation Therapy', 'None', 20000.00), 
(24, 103, 'Chickenpox', 'Pediatrics', '2023-12-05', '2023-12-10', 'Regular', 'Antivirals', 'None', 200.00), 
(25, 104, 'Torn Meniscus', 'Orthopedics', '2023-12-15', '2023-12-20', 'Emergency', 'Surgery', 'None', 5000.00), 
(26, 105, 'Parkinsons Disease', 'Neurology', '2024-01-01', '2024-01-10', 'Inpatient', 'Levodopa', 'None', 8000.00), 
(27, 106, 'Acne', 'Dermatology', '2024-01-15', '2024-01-20', 'Outpatient', 'Topical Treatments', 'None', 100.00), 
(28, 107, 'MRI Scan', 'Radiology', '2024-01-25', '2024-01-25', 'Daycase', 'N/A', 'None', 800.00), 
(29, 108, 'Flu', 'General Practice', '2024-02-01', '2024-02-05', 'Regular', 'Antivirals', 'None', 80.00), 
(30, 109, 'Osteoporosis', 'Endocrinology', '2024-02-10', '2024-02-20', 'Outpatient', 'Calcium Supplements', 'None', 400.00), 
(31, 100, 'Hypertrophic Cardiomyopathy', 'Cardiology', '2024-02-25', '2024-03-05', 'Inpatient', 'Beta Blockers', 'None', 2500.00), 
(32, 101, 'Celiac Disease', 'Gastroenterology', '2024-03-10', '2024-03-15', 'Outpatient', 'Gluten-Free Diet', 'None', 500.00), 
(33, 102, 'Non-Hodgkin Lymphoma', 'Oncology', '2024-03-20', '2024-03-30', 'Inpatient', 'Chemotherapy', 'None', 22000.00), 
(34, 103, 'RSV Infection', 'Pediatrics', '2024-04-01', '2024-04-05', 'Regular', 'Bronchodilators', 'None', 300.00), 
(35, 104, 'Scoliosis', 'Orthopedics', '2024-04-10', '2024-04-20', 'Inpatient', 'Surgery', 'None', 18000.00), 
(36, 105, 'Alzheimers Disease', 'Neurology', '2024-04-25', '2024-05-05', 'Inpatient', 'Cholinesterase Inhibitors', 'None', 6000.00), 
(37, 106, 'Contact Dermatitis', 'Dermatology', '2024-05-10', '2024-05-15', 'Outpatient', 'Topical Cream', 'None', 200.00), 
(38, 107, 'CT Scan', 'Radiology', '2024-05-20', '2024-05-20', 'Daycase', 'N/A', 'None', 600.00), 
(39, 108, 'Tonsillitis', 'General Practice', '2024-05-25', '2024-05-30', 'Regular', 'Antibiotics', 'None', 100.00), 
(40, 109, 'Cushings Syndrome', 'Endocrinology', '2024-06-01', '2024-06-10', 'Inpatient', 'Surgery', 'None', 15000.00), 
(41, 100, 'Mitral Valve Prolapse', 'Cardiology', '2024-06-15', '2024-06-20', 'Inpatient', 'Medication', 'None', 2500.00), 
(42, 101, 'Hepatitis B', 'Gastroenterology', '2024-06-25', '2024-06-30', 'Outpatient', 'Antiviral Medications', 'None', 1200.00), 
(43, 102, 'Gastric Ulcer', 'Oncology', '2024-07-05', '2024-07-10', 'Inpatient', 'Proton Pump Inhibitors', 'None', 5000.00), 
(44, 103, 'Fifth Disease', 'Pediatrics', '2024-07-15', '2024-07-20', 'Regular', 'Supportive Care', 'None', 150.00), 
(45, 104, 'Achilles Tendonitis', 'Orthopedics', '2024-07-25', '2024-08-05', 'Emergency', 'Physical Therapy', 'None', 1000.00), 
(46, 105, 'Brain Tumor', 'Neurology', '2024-08-10', '2024-08-20', 'Inpatient', 'Surgery', 'None', 30000.00), 
(47, 106, 'Ringworm', 'Dermatology', '2024-08-25', '2024-08-30', 'Outpatient', 'Antifungal Cream', 'None', 150.00), 
(48, 107, 'Bone Density Scan', 'Radiology', '2024-09-01', '2024-09-01', 'Daycase', 'N/A', 'None', 500.00), 
(49, 108, 'Bronchitis', 'General Practice', '2024-09-10', '2024-09-15', 'Regular', 'Bronchodilators', 'None', 150.00), 
(50, 109, 'Cystic Fibrosis', 'Endocrinology', '2024-09-20', '2024-09-25', 'Inpatient', 'Antibiotics', 'None', 12000.00);
SELECT * FROM medical_records

INSERT INTO doctors (FirstName, Lastname, Speciality, DepartmentId, Rank)
VALUES
('Matthew', 'S', 'Cardiologist', 100, 'Senior'),
('Olivia', 'J', 'Gastroenterologist', 101, 'Consultant'),
('Noah', 'W', 'Oncologist', 102, 'Junior'),
('Sophia', 'B', 'Pediatrician', 103, 'Senior'),
('Lucas', 'D', 'Orthopedic Surgeon', 104, 'Consultant'),
('Ava', 'M', 'Neurologist', 105, 'Specialist'),
('Jackson', 'W', 'Dermatologist', 106, 'Junior'),
('Mia', 'M', 'Radiologist', 107, 'Senior'),
('Liam', 'T', 'General Practitioner', 108, 'Consultant'),
('Ella', 'A', 'Endocrinologist', 109, 'Senior'),
('Ethan', 'T', 'Cardiothoracic Surgeon', 100, 'Specialist'),
('Isabella', 'J', 'Hematologist', 102, 'Junior'),
('Mason', 'W', 'Gastroenterologist', 101, 'Senior'),
('Harper', 'H', 'Oncologist', 102, 'Consultant'),
('James', 'M', 'Pediatric Cardiologist', 103, 'Specialist'),
('Charlotte', 'T', 'Orthopedic Surgeon', 104, 'Senior'),
('Alexander', 'G', 'Neurologist', 105, 'Consultant'),
('Sofia', 'M', 'Dermatopathologist', 106, 'Junior'),
('Benjamin', 'R', 'Radiation Oncologist', 102, 'Senior'),
('Avery', 'C', 'Family Physician', 108, 'Consultant'),
('Lily', 'R', 'Diabetologist', 109, 'Senior'),
('Henry', 'L', 'Vascular Surgeon', 100, 'Specialist'),
('Abigail', 'L', 'Gastrointestinal Surgeon', 101, 'Junior'),
('Elijah', 'W', 'Neurosurgeon', 105, 'Senior'),
('Emily', 'H', 'Pediatric Surgeon', 103, 'Consultant'),
('Daniel', 'A', 'Interventional Cardiologist', 100, 'Specialist'),
('Scarlett', 'Y', 'Allergist', 104, 'Junior'),
('Wyatt', 'K', 'Endocrine Surgeon', 109, 'Senior'),
('Chloe', 'W', 'Sleep Specialist', 105, 'Consultant'),
('Isaiah', 'S', 'Nuclear Medicine Physician', 107, 'Junior'),
('Zoe', 'G', 'Reproductive Endocrinologist', 109, 'Senior'),
('Matthew', 'A', 'Pediatric Neurologist', 103, 'Consultant'),
('Victoria', 'B', 'Neuropsychiatrist', 105, 'Specialist'),
('Aiden', 'G', 'Emergency Medicine Physician', 108, 'Junior');
SELECT * FROM doctors

INSERT INTO appointments (DoctorId, PatientId, Date, Time, Status, BookingStatus, TreatmentOutcome)
VALUES
(1000, 5, '2024-06-01', '00:00', 'Scheduled', 'Not Rebooked', NULL),
(1001, 12, '2024-06-04', '00:30', 'Completed', 'Done', 'Condition stable'),
(1002, 28, '2024-06-10', '00:00', 'Canceled', 'Rebooked', NULL),
(1003, 34, '2024-06-15', '00:00', 'Scheduled', 'Not Rebooked', NULL),
(1004, 7, '2024-06-20', '00:30', 'Completed', 'Done', 'Successful surgery'),
(1005, 45, '2024-06-25', '00:00', 'Scheduled', 'Not Rebooked', NULL),
(1006, 2, '2024-07-01', '00:00', 'Completed', 'Rebooked', 'Follow-up required'),
(1007, 11, '2024-07-05', '00:00', 'Canceled', 'Rebooked', NULL),
(1008, 25, '2024-07-10', '00:00', 'Scheduled', 'Not Rebooked', NULL),
(1009, 38, '2024-07-15', '00:00', 'Completed', 'Done', 'No further action needed'),
(1010, 17, '2024-07-20', '00:00', 'Scheduled', 'Not Rebooked', NULL),
(1011, 33, '2024-07-25', '00:30', 'Completed', 'Done', 'Treatment completed'),
(1012, 6, '2024-08-01', '00:00', 'Scheduled', 'Not Rebooked', NULL),
(1013, 22, '2024-08-05', '00:30', 'Completed', 'Done', 'Symptoms resolved'),
(1014, 39, '2024-08-10', '00:00', 'Scheduled', 'Not Rebooked', NULL),
(1015, 44, '2024-08-15', '00:00', 'Canceled', 'Not Rebooked', NULL),
(1016, 1, '2024-08-20', '00:00', 'Scheduled', 'Not Rebooked', NULL),
(1017, 30, '2024-08-25', '00:30', 'Completed', 'Rebooked', 'Condition improved'),
(1018, 13, '2024-09-01', '00:00', 'Scheduled', 'Not Rebooked', NULL),
(1019, 25, '2024-09-05', '00:00', 'Canceled', 'Rebooked', NULL),
(1020, 34, '2024-09-10', '00:00', 'Scheduled', 'Not Rebooked', NULL),
(1021, 15, '2024-09-15', '00:00', 'Completed', 'Rebooked', 'Follow-up in 2 weeks'),
(1022, 26, '2024-09-20', '00:30', 'Scheduled', 'Not Rebooked', NULL),
(1023, 29, '2024-09-25', '00:00', 'Completed', 'Rebooked', 'Referred to specialist'),
(1024, 37, '2024-09-30', '00:00', 'Scheduled', 'Not Rebooked', NULL),
(1025, 9, '2024-10-05', '00:30', 'Scheduled', 'Done', 'Diet plan given'),
(1026, 18, '2024-10-10', '00:00', 'Scheduled', 'Not Rebooked', NULL),
(1027, 21, '2024-10-15', '00:00', 'Canceled', 'Rebooked', NULL),
(1028, 10, '2024-10-20', '00:30', 'Scheduled', 'Not Rebooked', NULL),
(1029, 27, '2024-10-25', '00:00', 'Scheduled', 'Done', 'Successful treatment'),
(1030, 32, '2024-11-01', '00:00', 'Scheduled', 'Not Rebooked', NULL),
(1031, 20, '2024-11-05', '00:00', 'Scheduled', 'Not Rebooked', 'Condition stable'),
(1032, 3, '2024-11-10', '00:30', 'Scheduled', 'Rebooked', NULL),
(1033, 12, '2024-11-15', '00:00', 'Scheduled', 'Not Rebooked', NULL),
(1000, 14, '2024-11-20', '00:00', 'Scheduled', 'Rebooked', 'Symptoms improved'),
(1001, 25, '2024-11-25', '00:00', 'Scheduled', 'Not Rebooked', NULL),
(1002, 36, '2024-12-01', '00:00', 'Canceled', 'Rebooked', NULL),
(1003, 47, '2024-12-05', '00:00', 'Scheduled', 'Not Rebooked', NULL),
(1004, 8, '2024-12-10', '00:30', 'Scheduled', 'Done', 'Successful surgery'),
(1005, 19, '2024-12-15', '00:00', 'Scheduled', 'Not Rebooked', NULL),
(1006, 35, '2024-12-20', '00:00', 'Scheduled', 'Done', 'No further action needed'),
(1007, 44, '2024-12-25', '00:00', 'Scheduled', 'Not Rebooked', NULL),
(1008, 50, '2025-01-01', '00:00', 'Canceled', 'Rebooked', 'Treatment completed'),
(1009, 29, '2025-01-05', '00:30', 'Scheduled', 'Not Rebooked', NULL),
(1010, 40, '2025-01-10', '00:00', 'Canceled', 'Rebooked', NULL),
(1011, 23, '2025-01-15', '00:00', 'Scheduled', 'Not Rebooked', NULL),
(1012, 38, '2025-01-20', '00:00', 'Scheduled', 'Not Rebooked', 'Condition improved'),
(1013, 4, '2025-01-25', '00:30', 'Scheduled', 'Not Rebooked', NULL),
(1014, 49, '2025-01-30', '00:00', 'Canceled', 'Done', 'Successful treatment'),
(1015, 9, '2025-01-31', '00:00', 'Scheduled', 'Not Rebooked', NULL),
(1000, 4, '2024-06-02', '00:30', 'Scheduled', 'Not Rebooked', NULL),
(1001, 15, '2024-07-06', '00:00', 'Completed', 'Rebooked', 'Follow-up appointment scheduled'),
(1002, 27, '2024-06-12', '00:00', 'Canceled', 'Rebooked', NULL),
(1003, 9, '2024-06-18', '00:00', 'Scheduled', 'Not Rebooked', NULL),
(1004, 50, '2024-07-02', '00:00', 'Completed', 'Rebooked', 'Condition stable, follow-up needed'),
(1005, 22, '2024-07-08', '00:30', 'Scheduled', 'Not Rebooked', NULL),
(1006, 33, '2024-07-14', '00:30', 'Canceled', 'Rebooked', NULL),
(1007, 12, '2024-07-19', '00:30', 'Scheduled', 'Rebooked', NULL),
(1008, 3, '2024-08-02', '00:00', 'Completed', 'Done', 'Successful treatment, no further action needed'),
(1009, 19, '2024-08-10', '00:00', 'Scheduled', 'Not Rebooked', NULL),
(1010, 28, '2024-08-15', '00:00', 'Canceled', 'Rebooked', NULL),
(1011, 16, '2024-08-21', '00:30', 'Scheduled', 'Not Rebooked', NULL),
(1012, 40, '2024-09-02', '00:00', 'Completed', 'Rebooked', 'Referred to specialist'),
(1013, 35, '2024-09-08', '00:00', 'Scheduled', 'Not Rebooked', NULL),
(1014, 21, '2024-09-14', '00:00', 'Completed', 'Done', 'Treatment successful'),
(1015, 46, '2024-09-18', '00:00', 'Scheduled', 'Not Rebooked', NULL);
SELECT * FROM appointments